symbol,is_halal,reason,sector,industry,debt_to_assets,debt_to_mktcap,cashinv_to_mktcap
A,True,ok,Healthcare,Diagnostics & Research,0.2861725476954246,0.08140549621305963,0.03191383612600479
AA,True,ok,Basic Materials,Aluminum,0.2003697383390216,0.28493898996764544,0.11506762618281778
AAA,True,data_sparse,,,0.0,0.0,0.0
AACB,True,ok,Financial Services,Shell Companies,0.2533702622749022,0.0004489972337868164,0.0
AACG,False,debt/mktcap>0.33|cashinv/mktcap>0.33,Consumer Defensive,Education & Training Services,0.07705052356637111,0.8869664884158824,0.9201588738003594
AAL,False,debt/assets>0.30|debt/mktcap>0.33,Industrials,Airlines,0.6076752504734312,4.351751608287572,0.09319220895650988
AALG,True,data_sparse,,,0.0,0.0,0.0
AAME,False,industry_excluded,Financial Services,Insurance - Life,0.0,0.0,0.0
AAMI,False,industry_excluded,Financial Services,Asset Management,0.0,0.0,0.0
AAOI,False,debt/assets>0.30,Technology,Communication Equipment,0.34890097837055234,0.13022405768678164,0.04600622320918114
AAON,True,ok,Industrials,Building Products & Equipment,0.14547230594077434,0.022005599879717425,1.8020074303130716e-06
AAP,False,debt/assets>0.30|debt/mktcap>0.33|cashinv/mktcap>0.33,Consumer Cyclical,Auto Parts,0.341386255686065,1.2229390271237424,0.6201792807441842
AAPB,True,data_sparse,,,0.0,0.0,0.0
AAPD,True,data_sparse,,,0.0,0.0,0.0
AAPG,False,debt/assets>0.30|debt/mktcap>0.33|cashinv/mktcap>0.33,Healthcare,Biotechnology,0.6373636742162342,0.5156445178745646,0.38216111064286795
AAPL,True,ok,Technology,Consumer Electronics,0.2746262258483859,0.024461187861743745,0.008909538346228851
AAPU,True,data_sparse,,,0.0,0.0,0.0
AARD,True,ok,Healthcare,Biotechnology,0.010050705097604088,0.0033049793061658075,0.2615176244048351
AAT,False,industry_excluded,Real Estate,REIT - Diversified,0.0,0.0,0.0
AAUC,True,ok,Basic Materials,Gold,0.0966591759391569,0.06115962088726612,0.10786157068656764
AAUS,True,data_sparse,,,0.0,0.0,0.0
AAVM,True,data_sparse,,,0.0,0.0,0.0
AAXJ,True,data_sparse,,,0.0,0.0,0.0
AB,False,industry_excluded,Financial Services,Asset Management,0.0,0.0,0.0
ABAT,True,ok,Industrials,Waste Management,0.09514552659801391,0.016869847071091494,0.01569111520620677
ABBV,False,debt/assets>0.30,Healthcare,Drug Manufacturers - General,0.4967705181228313,0.1634988742849377,0.013451206087662275
ABCB,False,industry_excluded,Financial Services,Banks - Regional,0.0,0.0,0.0
ABCL,True,ok,Healthcare,Biotechnology,0.04804222988740608,0.05917723628382114,0.1415286925841188
ABCS,True,data_sparse,,,0.0,0.0,0.0
ABEO,True,ok,Healthcare,Biotechnology,0.2115834794502942,0.09388690037513416,0.0951456235708959
ABEQ,True,data_sparse,,,0.0,0.0,0.0
ABEV,False,industry_excluded,Consumer Defensive,Beverages - Brewers,0.0,0.0,0.0
ABG,False,debt/assets>0.30|debt/mktcap>0.33,Consumer Cyclical,Auto & Truck Dealerships,0.5107381251813873,1.2162819320997755,0.015988250040292532
ABI,True,data_sparse,,,0.0,0.0,0.0
ABIG,True,data_sparse,,,0.0,0.0,0.0
ABL,False,industry_excluded,Financial Services,Insurance - Life,0.0,0.0,0.0
ABLLL,False,debt/assets>0.30|data_sparse,,,0.44146581535925394,0.0,0.0
ABM,False,debt/mktcap>0.33,Industrials,Specialty Business Services,0.2849407517852939,0.557829016315883,0.0248111776741986
ABNB,True,ok,Consumer Cyclical,Travel Services,0.10945178682189036,0.031217881858656468,0.09340869271046992
ABNY,True,data_sparse,,,0.0,0.0,0.0
ABOS,True,ok,Healthcare,Biotechnology,0.12022159737564438,0.2605478471615283,0.32307316409660897
ABP,False,debt/assets>0.30,Healthcare,Biotechnology,0.7140098691267969,0.21161889021938476,0.18122410971311495
ABR,False,industry_excluded,Real Estate,REIT - Mortgage,0.0,0.0,0.0
ABSI,True,ok,Healthcare,Biotechnology,0.047306280663645554,0.02382986589503268,0.0971895361832738
ABT,True,ok,Healthcare,Medical Devices,0.1845014370992704,0.0661487033129167,0.03353894710280098
ABTC,False,industry_excluded,Financial Services,Capital Markets,0.0,0.0,0.0
ABTS,False,industry_excluded,Financial Services,Capital Markets,0.0,0.0,0.0
ABUS,True,ok,Healthcare,Biotechnology,0.009786875412848216,0.0014697875148373504,0.041425430887541456
ABVC,False,debt/assets>0.30,Healthcare,Biotechnology,0.32237612479835626,0.035359481515921186,0.0036132428202933393
ABVE,False,debt/assets>0.30|debt/mktcap>0.33,Consumer Defensive,Packaged Foods,0.8166536663892402,1.0529434367699948,0.008533110090041481
ABVX,False,debt/assets>0.30,Healthcare,Biotechnology,0.47440407741633694,0.011332201864577255,0.01678640816252089
ACA,False,debt/assets>0.30|debt/mktcap>0.33,Industrials,Engineering & Construction,0.3435866137727596,0.33890073607376076,0.03758429028753354
ACAD,True,ok,Healthcare,Biotechnology,0.043775826011403014,0.012794840791714753,0.07864391525691558
ACB,False,debt/mktcap>0.33|cashinv/mktcap>0.33,Healthcare,Drug Manufacturers - Specialty & Generic,0.12265412248172203,0.408057910857151,0.5381348318878701
ACCO,False,debt/assets>0.30|debt/mktcap>0.33,Industrials,Business Equipment & Supplies,0.4141985280919045,2.9425477813291554,0.23623270920529837
ACDC,False,debt/assets>0.30|debt/mktcap>0.33,Energy,Oil & Gas Equipment & Services,0.4257220307218634,1.841147226995149,0.021420469270912824
ACEL,False,industry_excluded,Consumer Cyclical,Gambling,0.0,0.0,0.0
ACES,True,data_sparse,,,0.0,0.0,0.0
ACET,False,cashinv/mktcap>0.33,Healthcare,Biotechnology,0.07825846089574469,0.1696631496075289,0.5561749818427147
ACFN,True,ok,Technology,Scientific & Technical Instruments,0.009248773121932804,0.0027632484967343588,0.06558485717759305
ACGL,False,industry_excluded,Financial Services,Insurance - Diversified,0.0,0.0,0.0
ACGLN,False,industry_excluded,Financial Services,Insurance - Diversified,0.0,0.0,0.0
ACGLO,False,industry_excluded,Financial Services,Insurance - Diversified,0.0,0.0,0.0
ACGR,True,data_sparse,,,0.0,0.0,0.0
ACHC,False,debt/assets>0.30|debt/mktcap>0.33,Healthcare,Medical Care Facilities,0.3500617349752347,1.4347293575472202,0.05249971400959514
ACHR,False,industry_excluded,Industrials,Aerospace & Defense,0.0,0.0,0.0
ACHV,True,ok,Healthcare,Biotechnology,0.25775891077576163,0.040842999394241415,0.05222473501575376
ACI,False,debt/assets>0.30|debt/mktcap>0.33,Consumer Defensive,Grocery Stores,0.53008517811158,1.4178702895930977,0.029351518531216224
ACIC,False,industry_excluded,Financial Services,Insurance - Property & Casualty,0.0,0.0,0.0
ACIU,True,ok,Healthcare,Biotechnology,0.023502358030946722,0.01568414302002935,0.10483550544528555
ACIW,False,debt/assets>0.30,Technology,Software - Infrastructure,0.316145907189816,0.19671017605593105,0.044505843411513125
ACKY,True,data_sparse,,,0.0,0.0,0.0
ACLC,True,data_sparse,,,0.0,0.0,0.0
ACLO,True,data_sparse,,,0.0,0.0,0.0
ACLS,True,ok,Technology,Semiconductor Equipment & Materials,0.0323803493673176,0.017052506372567094,0.04822524080891393
ACLX,True,ok,Healthcare,Biotechnology,0.07602691870265012,0.010394198984179313,0.0203115487139254
ACM,True,ok,Industrials,Engineering & Construction,0.25102885844405115,0.17085817061935282,0.08920778901641692
ACMR,True,ok,Technology,Semiconductor Equipment & Materials,0.10173027087584825,0.08915088282537635,0.1924118244375048
ACN,True,ok,Technology,Information Technology Services,0.1251300388163315,0.053298924030476355,0.07476645773466482
ACNB,False,industry_excluded,Financial Services,Banks - Regional,0.0,0.0,0.0
ACNT,True,ok,Basic Materials,Chemicals,0.22594227504244482,0.25762581570629695,0.12473209015320202
ACOG,False,cashinv/mktcap>0.33,Healthcare,Biotechnology,0.017964485755920075,0.007195020404465034,0.38322013236899855
ACON,True,ok,Healthcare,Health Information Services,,,0.12645936706676736
ACP,False,industry_excluded,Financial Services,Asset Management,0.0,0.0,0.0
ACR,False,industry_excluded,Real Estate,REIT - Mortgage,0.0,0.0,0.0
ACRE,False,industry_excluded,Real Estate,REIT - Mortgage,0.0,0.0,0.0
ACRS,True,ok,Healthcare,Biotechnology,,,0.08999011090645365
ACRV,False,cashinv/mktcap>0.33,Healthcare,Biotechnology,0.018541314831017154,0.05173100522749552,0.5651097849515546
ACT,False,industry_excluded,Financial Services,Insurance - Specialty,0.0,0.0,0.0
ACTG,False,debt/mktcap>0.33|cashinv/mktcap>0.33,Industrials,Business Equipment & Supplies,0.16437068511913103,0.35120234561350716,0.7736513477678365
ACTU,True,ok,Healthcare,Biotechnology,0.0,0.0,0.061600024748086575
ACTV,True,data_sparse,,,0.0,0.0,0.0
ACV,False,industry_excluded,Financial Services,Asset Management,0.0,0.0,0.0
ACVA,True,ok,Consumer Cyclical,Auto & Truck Dealerships,0.12498107502014431,0.10636664404660663,0.19376456990490176
ACVF,True,data_sparse,,,0.0,0.0,0.0
ACVT,True,data_sparse,,,0.0,0.0,0.0
ACWI,True,data_sparse,,,0.0,0.0,0.0
ACWX,True,data_sparse,,,0.0,0.0,0.0
ACXP,False,cashinv/mktcap>0.33,Healthcare,Biotechnology,,,0.36958664806678326
AD,False,debt/assets>0.30|debt/mktcap>0.33,Communication Services,Telecom Services,0.3657766293425208,0.9756651607592838,0.03675975487947066
ADAG,False,cashinv/mktcap>0.33,Healthcare,Biotechnology,0.20716775276364516,0.18711570383723025,0.8619891089959753
ADAM,False,industry_excluded,Real Estate,REIT - Mortgage,0.0,0.0,0.0
ADAMG,True,data_sparse,,,0.0,0.0,0.0
ADAMH,True,data_sparse,,,0.0,0.0,0.0
ADAMI,True,data_sparse,,,0.0,0.0,0.0
ADAML,False,industry_excluded,Real Estate,REIT - Mortgage,0.0,0.0,0.0
ADAMM,False,industry_excluded,Real Estate,REIT - Mortgage,0.0,0.0,0.0
ADAMN,False,industry_excluded,Real Estate,REIT - Mortgage,0.0,0.0,0.0
ADAMZ,False,industry_excluded,Real Estate,REIT - Mortgage,0.0,0.0,0.0
ADAP,False,debt/assets>0.30|debt/mktcap>0.33|cashinv/mktcap>0.33,Healthcare,Biotechnology,0.3017079804686071,7.93142883353326,9.74090059776291
ADBE,True,ok,Technology,Software - Application,0.20033079722130334,0.043367123771249384,0.054516828479280306
ADBG,True,data_sparse,,,0.0,0.0,0.0
ADC,False,industry_excluded,Real Estate,REIT - Retail,0.0,0.0,0.0
ADCT,False,debt/assets>0.30|cashinv/mktcap>0.33,Healthcare,Biotechnology,0.38200509348406736,0.24516132139547933,0.5000315876235363
ADEA,False,debt/assets>0.30|debt/mktcap>0.33,Technology,Software - Application,0.4421076887066116,0.3373378576556276,0.05477899750050955
ADGM,False,debt/assets>0.30|debt/mktcap>0.33|cashinv/mktcap>0.33,Healthcare,Medical Devices,0.3357207727873184,0.9318723863605192,1.1794359019746479
ADI,True,ok,Technology,Semiconductors,0.15861684214843502,0.06546464467928127,0.01704125686469746
ADIL,False,cashinv/mktcap>0.33,Healthcare,Biotechnology,,,0.520666798504309
ADIV,True,data_sparse,,,0.0,0.0,0.0
ADM,False,debt/mktcap>0.33,Consumer Defensive,Farm Products,0.2165906403108633,0.4081081473549049,0.021611551224982397
ADMA,True,ok,Healthcare,Biotechnology,0.1680370305190739,0.02198339564603942,0.0276136357190076
ADN,False,debt/mktcap>0.33,Industrials,Electrical Equipment & Parts,0.10390907955538903,0.42573310175758117,0.19495710549235387
ADNT,False,debt/mktcap>0.33|cashinv/mktcap>0.33,Consumer Cyclical,Auto Parts,0.25719174419848145,1.4357522837911896,0.5641521447745007
ADP,True,ok,Technology,Software - Application,0.16986169951638863,0.08803351232005109,0.03251026899475666
ADPT,True,ok,Healthcare,Biotechnology,0.1657229835958589,0.04140806371683966,0.02219869123374715
ADPV,True,data_sparse,,,0.0,0.0,0.0
ADSE,True,ok,Industrials,Electrical Equipment & Parts,0.11576809199201267,0.02886955288086117,0.03924940461254533
ADSK,True,ok,Technology,Software - Application,0.23622265300470785,0.04012854109763796,0.02507445768469054
ADT,False,debt/assets>0.30|debt/mktcap>0.33,Industrials,Security & Protection Services,0.4801628339045454,1.1219080629171954,0.0140054490919431
ADTN,False,debt/mktcap>0.33,Technology,Communication Equipment,0.1839657714276446,0.3502296683682256,0.12354842724173382
ADTX,False,debt/mktcap>0.33,Healthcare,Biotechnology,0.215290724135689,2.532285811584754,0.3048199432012072
ADUR,True,ok,Industrials,Pollution & Treatment Controls,0.013319885121415694,0.0004667163401542475,0.018995515846325424
ADUS,True,ok,Healthcare,Medical Care Facilities,0.1933451976945196,0.13338987002257466,0.04830636934529441
ADV,False,debt/assets>0.30|debt/mktcap>0.33|cashinv/mktcap>0.33,Communication Services,Advertising Agencies,0.5594403635969157,4.438810488918587,0.5241870228522797
ADVB,True,ok,Healthcare,Diagnostics & Research,0.02841546667706968,0.013058214512113305,0.26870341546315035
ADVE,True,data_sparse,,,0.0,0.0,0.0
ADVM,False,debt/assets>0.30|debt/mktcap>0.33|cashinv/mktcap>0.33,Healthcare,Biotechnology,0.5099226538998337,0.9717396489182714,0.6426907277268523
ADX,False,industry_excluded,Financial Services,Asset Management,0.0,0.0,0.0
ADXN,False,cashinv/mktcap>0.33,Healthcare,Biotechnology,0.003932647350426374,0.004781069572918816,0.3804610628296085
AEBI,False,debt/assets>0.30|debt/mktcap>0.33,Industrials,Farm & Heavy Construction Machinery,0.42443875881792886,0.5331644869821677,0.07523769841220333
AEE,False,debt/assets>0.30|debt/mktcap>0.33,Utilities,Utilities - Regulated Electric,0.4197946096237499,0.6590542029234291,0.00024641488198183975
AEFC,True,data_sparse,,,0.0,0.0,0.0
AEG,False,industry_excluded,Financial Services,Insurance - Diversified,0.0,0.0,0.0
AEHL,False,debt/mktcap>0.33,Industrials,Building Products & Equipment,0.18099773719938958,0.9488804240475069,0.14442183514722196
AEHR,True,ok,Technology,Semiconductor Equipment & Materials,0.07292536429013925,0.017402156036707445,0.03909298746233198
AEI,False,industry_excluded,Real Estate,Real Estate - Development,0.0,0.0,0.0
AEIS,True,ok,Industrials,Electrical Equipment & Parts,0.29696307607695144,0.08774025272990106,0.09432202241290123
AEM,True,ok,Basic Materials,Gold,0.04275790276979191,0.014765384409403531,0.010668617905873054
AEMD,False,cashinv/mktcap>0.33,Healthcare,Medical Devices,0.08828697577862946,0.17243971222223378,1.4599990822628945
AENT,True,ok,Communication Services,Entertainment,0.25173851417941023,0.2798166875532199,0.0038033037424069923
AEO,False,debt/assets>0.30|debt/mktcap>0.33,Consumer Cyclical,Apparel Retail,0.37755545548877184,0.4863918738357607,0.10390201829737632
AEP,False,debt/assets>0.30|debt/mktcap>0.33,Utilities,Utilities - Regulated Electric,0.4439628242690002,0.7037824931100376,0.003120383102695347
AER,False,debt/assets>0.30|debt/mktcap>0.33,Industrials,Rental & Leasing Services,0.634784905725452,1.9467651661784569,0.051908800553533654
AERT,False,debt/assets>0.30|debt/mktcap>0.33,Industrials,Consulting Services,0.44829663846559387,0.5887620843093425,0.09113167951117335
AES,False,debt/assets>0.30|debt/mktcap>0.33,Utilities,Utilities - Diversified,0.6121166097118508,2.9485309039943317,0.15485426623776144
AESI,False,debt/mktcap>0.33,Energy,Oil & Gas Equipment & Services,0.2687220046921606,0.4782521995898557,0.06469141516028451
AETH,True,data_sparse,,,0.0,0.0,0.0
AEVA,True,ok,Technology,Software - Infrastructure,0.02548664646177003,0.005858302944249431,0.044983787226074906
AEYE,True,ok,Technology,Software - Application,0.24312974534704024,0.04864391689775921,0.03798352554777357
AFB,False,industry_excluded,Financial Services,Asset Management,0.0,0.0,0.0
AFBI,False,industry_excluded,Financial Services,Banks - Regional,0.0,0.0,0.0
AFCG,False,industry_excluded,Real Estate,REIT - Mortgage,0.0,0.0,0.0
AFG,False,industry_excluded,Financial Services,Insurance - Property & Casualty,0.0,0.0,0.0
AFGB,True,data_sparse,,,0.0,0.0,0.0
AFGC,True,data_sparse,,,0.0,0.0,0.0
AFGD,True,data_sparse,,,0.0,0.0,0.0
AFGE,True,data_sparse,,,0.0,0.0,0.0
AFIX,True,data_sparse,,,0.0,0.0,0.0
AFJK,True,ok,Financial Services,Shell Companies,0.0030847416741541984,0.003079085058584676,0.00038144414287464445
AFK,True,data_sparse,,,0.0,0.0,0.0
AFL,False,industry_excluded,Financial Services,Insurance - Life,0.0,0.0,0.0
AFLG,True,data_sparse,,,0.0,0.0,0.0
AFMC,True,data_sparse,,,0.0,0.0,0.0
AFRI,False,debt/assets>0.30|debt/mktcap>0.33,Consumer Defensive,Farm Products,0.6744609432781475,0.6413225770445368,0.047261652345795796
AFRM,False,debt/assets>0.30,Technology,Software - Infrastructure,0.7040211551324083,0.32512417410928035,0.05607397231728718
AFSC,True,data_sparse,,,0.0,0.0,0.0
AFSM,True,data_sparse,,,0.0,0.0,0.0
AFYA,False,debt/assets>0.30|debt/mktcap>0.33|cashinv/mktcap>0.33,Consumer Defensive,Education & Training Services,0.3594181983906521,2.3932120812828357,0.6870188010985618
AG,True,ok,Basic Materials,Silver,0.11971837388649693,0.03849991459388837,0.0328411579447565
AGAE,False,debt/mktcap>0.33|cashinv/mktcap>0.33,Communication Services,Entertainment,0.27826309094979407,1.7308106090593518,3.270052456468324
AGCO,False,debt/mktcap>0.33,Industrials,Farm & Heavy Construction Machinery,0.248065340553679,0.35064610164606885,0.07730382356174141
AGD,False,industry_excluded,Financial Services,Asset Management,0.0,0.0,0.0
AGEM,True,data_sparse,,,0.0,0.0,0.0
AGEN,False,debt/assets>0.30|debt/mktcap>0.33,Healthcare,Biotechnology,0.4192760009015738,0.6427670521748337,0.2739703941055523
AGG,True,data_sparse,,,0.0,0.0,0.0
AGGA,True,data_sparse,,,0.0,0.0,0.0
AGGH,True,data_sparse,,,0.0,0.0,0.0
AGGS,True,data_sparse,,,0.0,0.0,0.0
AGGY,True,data_sparse,,,0.0,0.0,0.0
AGH,True,ok,Consumer Cyclical,Leisure,0.1857144803241356,0.013412020484305323,0.006334379422595476
AGI,True,ok,Basic Materials,Gold,0.05370963812522254,0.020257842533888473,0.02312758575397177
AGIO,True,ok,Healthcare,Biotechnology,0.034264089865373895,0.022388640356257258,0.02995484419954284
AGIQ,True,data_sparse,,,0.0,0.0,0.0
AGIX,True,data_sparse,,,0.0,0.0,0.0
AGL,False,cashinv/mktcap>0.33,Healthcare,Medical Care Facilities,0.02393506741415573,0.16615335470385542,0.7535650943127343
AGM,False,debt/assets>0.30|debt/mktcap>0.33|cashinv/mktcap>0.33,Financial Services,Credit Services,0.9353884542768142,16.44940698124603,0.5657862878844897
AGMH,True,ok,Technology,Computer Hardware,0.0,0.0,0.1849944540257424
AGMI,True,data_sparse,,,0.0,0.0,0.0
AGNC,False,industry_excluded,Real Estate,REIT - Mortgage,0.0,0.0,0.0
AGNCL,False,industry_excluded,Real Estate,REIT - Mortgage,0.0,0.0,0.0
AGNCM,False,industry_excluded,Real Estate,REIT - Mortgage,0.0,0.0,0.0
AGNCN,False,industry_excluded,Real Estate,REIT - Mortgage,0.0,0.0,0.0
AGNCO,False,industry_excluded,Real Estate,REIT - Mortgage,0.0,0.0,0.0
AGNCP,False,industry_excluded,Real Estate,REIT - Mortgage,0.0,0.0,0.0
AGNCZ,False,industry_excluded,Real Estate,REIT - Mortgage,0.0,0.0,0.0
AGNG,True,data_sparse,,,0.0,0.0,0.0
AGO,False,industry_excluded,Financial Services,Insurance - Specialty,0.0,0.0,0.0
AGQ,True,data_sparse,,,0.0,0.0,0.0
AGQI,True,data_sparse,,,0.0,0.0,0.0
AGRH,True,data_sparse,,,0.0,0.0,0.0
AGRI,False,industry_excluded,Financial Services,Asset Management,0.0,0.0,0.0
AGRO,False,debt/assets>0.30|debt/mktcap>0.33,Consumer Defensive,Farm Products,0.36007265750807094,1.461039540059796,0.2751780394908563
AGRW,True,data_sparse,,,0.0,0.0,0.0
AGX,True,ok,Industrials,Engineering & Construction,0.00324074683070506,0.0005579917724200787,0.029909800308877455
AGYS,True,ok,Technology,Software - Application,0.10811520132605842,0.012931829301463572,0.02011314986602361
AGZ,True,data_sparse,,,0.0,0.0,0.0
AGZD,True,data_sparse,,,0.0,0.0,0.0
AHCO,False,debt/assets>0.30|debt/mktcap>0.33,Healthcare,Medical Devices,0.4747851935848585,1.6860473719234648,0.08685889968835174
AHG,True,ok,Healthcare,Medical Distribution,0.0003802546436534536,0.00010124419245270661,0.21828855082976178
AHH,False,industry_excluded,Real Estate,REIT - Diversified,0.0,0.0,0.0
AHL,False,industry_excluded,Financial Services,Insurance - Property & Casualty,0.0,0.0,0.0
AHLT,True,data_sparse,,,0.0,0.0,0.0
AHR,False,industry_excluded,Real Estate,REIT - Healthcare Facilities,0.0,0.0,0.0
AHT,False,industry_excluded,Real Estate,REIT - Hotel & Motel,0.0,0.0,0.0
AHYB,True,data_sparse,,,0.0,0.0,0.0
AI,True,ok,Technology,Software - Infrastructure,0.004674026837394554,0.0024669690120996636,0.08456018621286268
AIA,True,data_sparse,,,0.0,0.0,0.0
AIBD,True,data_sparse,,,0.0,0.0,0.0
AIBU,True,data_sparse,,,0.0,0.0,0.0
AIEQ,True,data_sparse,,,0.0,0.0,0.0
AIFD,True,data_sparse,,,0.0,0.0,0.0
AIFF,True,ok,Technology,Software - Application,0.1508367746142143,0.03225183218190888,0.08411500900469031
AIFU,False,industry_excluded,Financial Services,Insurance Brokers,0.0,0.0,0.0
AIG,False,industry_excluded,Financial Services,Insurance - Diversified,0.0,0.0,0.0
AIHS,False,cashinv/mktcap>0.33,Industrials,Rental & Leasing Services,0.06396488617416381,0.26782862880196145,0.6016913892602626
AII,False,industry_excluded,Financial Services,Insurance - Property & Casualty,0.0,0.0,0.0
AIIO,False,debt/assets>0.30,Consumer Cyclical,Auto Manufacturers,0.4978415531170867,0.10882290959209454,0.0007802059109446297
AIMD,False,debt/assets>0.30|debt/mktcap>0.33,Technology,Scientific & Technical Instruments,0.4163746405776032,0.9748444625776718,0.31624921086778396
AIN,True,ok,Consumer Cyclical,Textile Manufacturing,0.23485227112821283,0.2978704732826859,0.0886864715171691
AINP,True,data_sparse,,,0.0,0.0,0.0
AIOT,False,debt/assets>0.30|debt/mktcap>0.33,Technology,Software - Infrastructure,0.31542484047947905,0.4303043397350661,0.06654405627247031
AIP,True,ok,Technology,Semiconductors,0.056446977905497714,0.00972073102377779,0.022203051799261436
AIPO,True,data_sparse,,,0.0,0.0,0.0
AIQ,True,data_sparse,,,0.0,0.0,0.0
AIR,False,industry_excluded,Industrials,Aerospace & Defense,0.0,0.0,0.0
AIRE,False,industry_excluded,Real Estate,Real Estate Services,0.0,0.0,0.0
AIRG,True,ok,Technology,Communication Equipment,0.08048634477633508,0.08974154195011663,0.19587086996550207
AIRJ,True,ok,Industrials,Building Products & Equipment,0.00041700180061155255,0.0005843131210712668,0.1061634000852792
AIRL,True,data_sparse,,,0.0,0.0,0.0
AIRO,False,industry_excluded,Industrials,Aerospace & Defense,0.0,0.0,0.0
AIRR,True,data_sparse,,,0.0,0.0,0.0
AIRS,False,debt/assets>0.30,Healthcare,Medical Care Facilities,0.5002619097506619,0.2944214924455808,0.02307940744471227
AIRT,False,debt/assets>0.30|debt/mktcap>0.33,Industrials,Conglomerates,0.7429881803220201,2.27493695359733,0.10451865398086481
AIRTP,False,debt/assets>0.30|data_sparse,Industrials,Conglomerates,0.7429881803220201,0.0,0.0
AIS,True,data_sparse,,,0.0,0.0,0.0
AISP,True,ok,Technology,Software - Infrastructure,0.06884597241763496,0.0077348421169291795,0.09355899879685314
AIT,True,ok,Industrials,Industrial Distribution,0.18022108967786307,0.06047735080181003,0.04104565990981417
AIV,False,industry_excluded,Real Estate,REIT - Residential,0.0,0.0,0.0
AIVC,True,data_sparse,,,0.0,0.0,0.0
AIVI,True,data_sparse,,,0.0,0.0,0.0
AIVL,True,data_sparse,,,0.0,0.0,0.0
AIXI,False,debt/assets>0.30|debt/mktcap>0.33,Technology,Software - Application,0.5362583154630219,4.24251482035946,0.07832485671824452
AIYY,True,data_sparse,,,0.0,0.0,0.0
AIZ,False,industry_excluded,Financial Services,Insurance - Property & Casualty,0.0,0.0,0.0
AIZN,True,data_sparse,,,0.0,0.0,0.0
AJG,False,industry_excluded,Financial Services,Insurance Brokers,0.0,0.0,0.0
AKAF,True,data_sparse,,,0.0,0.0,0.0
AKAM,False,debt/assets>0.30|debt/mktcap>0.33,Technology,Software - Infrastructure,0.4469766708442696,0.3633123493697967,0.04058368436041245
AKBA,True,ok,Healthcare,Drug Manufacturers - Specialty & Generic,0.21588797752299815,0.1016978087807283,0.11072765200370228
AKR,False,industry_excluded,Real Estate,REIT - Retail,0.0,0.0,0.0
AKRO,True,ok,Healthcare,Biotechnology,0.04414289623507361,0.0081638681647228,0.07618998207831024
AKTX,True,ok,Healthcare,Biotechnology,0.06447529765436494,0.18895054114597964,0.15063879031852795
AL,False,debt/assets>0.30|debt/mktcap>0.33,Industrials,Rental & Leasing Services,0.6261246086176125,2.8298223729382967,0.06616748511300151
ALAB,True,ok,Technology,Semiconductors,0.0012195260728225864,5.270166792058195e-05,0.0032600858357311156
ALAI,True,data_sparse,,,0.0,0.0,0.0
ALAR,True,ok,Technology,Software - Infrastructure,0.04567521760363104,0.015954154845598808,0.151323653601557
ALB,True,ok,Basic Materials,Specialty Chemicals,0.2176854550026915,0.2668064094103377,0.08797645075552528
ALBT,False,industry_excluded,Real Estate,Real Estate Services,0.0,0.0,0.0
ALC,True,ok,Healthcare,Medical Instruments & Supplies,0.16924242923517976,0.13268577076928292,0.04329854980711024
ALCO,False,debt/mktcap>0.33,Consumer Defensive,Farm Products,0.23103238120079556,0.3604706093295467,0.01232652408771532
ALDF,True,ok,Financial Services,Shell Companies,0.0,0.0,0.0031894855017924827
ALDX,True,ok,Healthcare,Biotechnology,0.1462908578298058,0.05036831512587064,0.1794705099877024
ALE,False,debt/mktcap>0.33,Utilities,Utilities - Diversified,0.2664080659727877,0.4588384230308615,0.008363843656447847
ALEC,True,ok,Healthcare,Biotechnology,0.09079378094951346,0.314146160716131,0.243971409793442
ALEX,False,industry_excluded,Real Estate,REIT - Retail,0.0,0.0,0.0
ALG,True,ok,Industrials,Farm & Heavy Construction Machinery,0.15647334064686863,0.1130669043817088,0.09829092889876712
ALGM,True,ok,Technology,Semiconductors,0.25932520315476637,0.07872503150739456,0.025921998021439362
ALGN,True,ok,Healthcare,Medical Instruments & Supplies,0.019193029318057477,0.011923664208127878,0.1043533796057076
ALGS,False,cashinv/mktcap>0.33,Healthcare,Biotechnology,0.11948240933603446,0.22421679027223798,0.9904893838450136
ALGT,False,debt/assets>0.30|debt/mktcap>0.33,Industrials,Airlines,0.48525537980605676,1.7648167475947323,0.23471559473734918
ALHC,False,debt/assets>0.30,Healthcare,Healthcare Plans,0.4210185112964045,0.09812523060891824,0.12899836664352127
ALIL,True,data_sparse,,,0.0,0.0,0.0
ALIT,False,debt/mktcap>0.33,Technology,Software - Application,0.26315147076772855,1.7481649198901124,0.27811714634615425
ALK,False,debt/assets>0.30|debt/mktcap>0.33,Industrials,Airlines,0.32340145690004046,1.3017827536278266,0.24455515205803532
ALKS,True,ok,Healthcare,Drug Manufacturers - Specialty & Generic,0.03674801161917855,0.014752668193979725,0.05686118687289074
ALKT,True,ok,Technology,Software - Application,0.04219750867299218,0.008580401587120286,0.04387806814215711
ALL,False,industry_excluded,Financial Services,Insurance - Property & Casualty,0.0,0.0,0.0
ALLE,False,debt/assets>0.30,Industrials,Security & Protection Services,0.44554124515352733,0.14126771666631294,0.03559423638734106
ALLO,True,ok,Healthcare,Biotechnology,0.1653988445627016,0.32832873862029077,0.27211678634515657
ALLR,False,cashinv/mktcap>0.33,Healthcare,Biotechnology,0.059602649006622516,0.07744654440439859,1.1205654458156429
ALLT,False,debt/assets>0.30,Technology,Software - Infrastructure,0.33186528311885477,0.10801048443682379,0.0376225721759788
ALLW,True,data_sparse,,,0.0,0.0,0.0
ALLY,False,debt/mktcap>0.33|cashinv/mktcap>0.33,Financial Services,Credit Services,0.10024708605266999,1.588891023418505,0.8503388494110162
ALM,False,debt/assets>0.30,Basic Materials,Other Industrial Metals & Mining,0.6164330658594338,0.09820741385959185,0.0048661835093885926
ALMS,True,ok,Healthcare,Biotechnology,0.09009595533033032,0.055862481772820695,0.3082528183392748
ALMU,True,ok,Technology,Semiconductors,0.04849015768319077,0.0038625149780641957,0.01489182182828576
ALNT,False,debt/assets>0.30,Technology,Electronic Components,0.4326818703639057,0.2774259668907693,0.04020243349532595
ALNY,False,debt/assets>0.30,Healthcare,Biotechnology,0.30567292368860915,0.02160954808262427,0.01611365654234597
ALOT,False,debt/assets>0.30|debt/mktcap>0.33,Technology,Computer Hardware,0.33324633400872283,0.7242833809434344,0.07538554120580275
ALRG,True,data_sparse,,,0.0,0.0,0.0
ALRM,False,debt/assets>0.30|debt/mktcap>0.33|cashinv/mktcap>0.33,Technology,Software - Application,0.5184510118692498,0.4202578914248833,0.4854773238096759
ALRS,False,industry_excluded,Financial Services,Banks - Regional,0.0,0.0,0.0
ALSN,False,debt/assets>0.30|debt/mktcap>0.33,Consumer Cyclical,Auto Parts,0.45089955022488754,0.3512550501058144,0.11401919955637618
ALT,True,ok,Healthcare,Biotechnology,0.012066960504213745,0.003863410814500764,0.0848663341679091
ALTG,False,debt/assets>0.30|debt/mktcap>0.33,Industrials,Rental & Leasing Services,0.8098486895433666,7.652708831681151,0.08553365447037069
ALTI,False,industry_excluded,Financial Services,Asset Management,0.0,0.0,0.0
ALTL,True,data_sparse,,,0.0,0.0,0.0
ALTO,False,debt/mktcap>0.33,Basic Materials,Specialty Chemicals,0.28564311300873363,0.7267648924439006,0.22480224622468964
ALTS,True,ok,Technology,Software - Application,0.1585229753990975,0.05461355231355976,0.029993990278115883
ALTY,True,data_sparse,,,0.0,0.0,0.0
ALUR,False,debt/assets>0.30|debt/mktcap>0.33|cashinv/mktcap>0.33,Healthcare,Medical Devices,1.155730960290129,3.1518044301423083,1.27815838227879
ALV,True,ok,Consumer Cyclical,Auto Parts,0.26499231163505893,0.22148676348936316,0.03534363247170689
ALVO,False,debt/assets>0.30|debt/mktcap>0.33,Healthcare,Drug Manufacturers - Specialty & Generic,0.9744850171933847,0.6919822653975775,0.02989933420335682
ALX,False,industry_excluded,Real Estate,REIT - Retail,0.0,0.0,0.0
ALXO,True,ok,Healthcare,Biotechnology,0.06702080866181695,0.1323695357009056,0.23478752359226662
ALZN,False,cashinv/mktcap>0.33,Healthcare,Biotechnology,,,0.44377824691060397
AM,False,debt/assets>0.30|debt/mktcap>0.33,Energy,Oil & Gas Midstream,0.5409743709721425,0.3603772144871025,0.0
AMAL,False,industry_excluded,Financial Services,Banks - Regional,0.0,0.0,0.0
AMAT,True,ok,Technology,Semiconductor Equipment & Materials,0.19198465517742452,0.036689981484576945,0.04455450067654802
AMAX,True,data_sparse,,,0.0,0.0,0.0
AMBA,True,ok,Technology,Semiconductor Equipment & Materials,0.007641864353641969,0.0013888863626462119,0.038150716721485366
AMBC,False,industry_excluded,Financial Services,Insurance - Specialty,0.0,0.0,0.0
AMBP,False,debt/assets>0.30|debt/mktcap>0.33,Consumer Cyclical,Packaging & Containers,0.7143903332112779,1.813434278674805,0.279776380256851
AMBQ,True,ok,Technology,Semiconductors,0.009263698958553099,0.002038997959537578,0.1287164954146595
AMBR,True,ok,Technology,Software - Infrastructure,0.06113272980220578,0.02128546833599293,0.13787114533329986
AMC,False,debt/assets>0.30|debt/mktcap>0.33|cashinv/mktcap>0.33,Communication Services,Entertainment,1.003564716580782,6.895762153705327,0.5267902729026421
AMCR,False,debt/assets>0.30|debt/mktcap>0.33,Consumer Cyclical,Packaging & Containers,0.40489936869368154,0.7577606127751016,0.041755598798308174
AMCX,False,debt/assets>0.30|debt/mktcap>0.33|cashinv/mktcap>0.33,Communication Services,Entertainment,0.5577981950020414,7.00507620746149,2.2589338906323837
AMD,True,ok,Technology,Semiconductors,0.031953312339294486,0.005479463234739681,0.009380979778462556
AMDD,True,data_sparse,,,0.0,0.0,0.0
AMDG,True,data_sparse,,,0.0,0.0,0.0
AMDL,True,data_sparse,,,0.0,0.0,0.0
AMDU,True,data_sparse,,,0.0,0.0,0.0
AMDY,True,data_sparse,,,0.0,0.0,0.0
AME,True,ok,Industrials,Specialty Industrial Machinery,0.14588424205885395,0.04775703851116145,0.008367975858092186
AMG,False,industry_excluded,Financial Services,Asset Management,0.0,0.0,0.0
AMGN,False,debt/assets>0.30|debt/mktcap>0.33,Healthcare,Drug Manufacturers - General,0.6543951915852743,0.33143810106363525,0.0660295243520675
AMH,False,industry_excluded,Real Estate,REIT - Residential,0.0,0.0,0.0
AMID,True,data_sparse,,,0.0,0.0,0.0
AMIX,False,cashinv/mktcap>0.33,Healthcare,Medical Devices,,,1.992134092565704
AMJB,True,data_sparse,,,0.0,0.0,0.0
AMKR,True,ok,Technology,Semiconductor Equipment & Materials,0.18718629073972312,0.16458735341111516,0.14352713915116194
AMLP,True,data_sparse,,,0.0,0.0,0.0
AMLX,True,ok,Healthcare,Biotechnology,0.010230641312992552,0.00142148778750662,0.05553274172787724
AMN,False,debt/assets>0.30|debt/mktcap>0.33,Healthcare,Medical Care Facilities,0.4544375254323026,1.778357639312685,0.01725066701862073
AMOD,False,debt/assets>0.30,Technology,Software - Application,2.1339703110508603,0.08746012560287963,0.01771323168356643
AMOM,True,data_sparse,,,0.0,0.0,0.0
AMP,False,industry_excluded,Financial Services,Asset Management,0.0,0.0,0.0
AMPG,True,ok,Technology,Communication Equipment,0.10692115835265326,0.07131058368095775,0.29806951928597536
AMPH,False,debt/assets>0.30|debt/mktcap>0.33,Healthcare,Drug Manufacturers - Specialty & Generic,0.4124002358206495,0.536863438518849,0.1251148323191707
AMPL,True,ok,Technology,Software - Application,0.012522678292304967,0.0038568298362560427,0.11857679667420574
AMPX,False,debt/assets>0.30,Industrials,Electrical Equipment & Parts,0.3117358101135191,0.02469085630348464,0.036066214132225306
AMPY,False,debt/mktcap>0.33,Energy,Oil & Gas E&P,0.17731395467127842,0.5671975341618288,0.0
AMR,True,ok,Basic Materials,Coking Coal,0.002371747663106858,0.002821348622890875,0.23490653995756258
AMRC,False,debt/assets>0.30|debt/mktcap>0.33,Industrials,Engineering & Construction,0.40958872749553443,1.0234964397654749,0.06520705349190811
AMRK,False,industry_excluded,Financial Services,Capital Markets,0.0,0.0,0.0
AMRN,False,cashinv/mktcap>0.33,Healthcare,Drug Manufacturers - General,0.011268711269732647,0.02268252119274226,0.35548970608923186
AMRX,False,debt/assets>0.30|debt/mktcap>0.33,Healthcare,Drug Manufacturers - Specialty & Generic,0.7405910988177739,0.7086658249450922,0.030212196214445052
AMRZ,True,ok,Basic Materials,Building Materials,0.24611982820938044,0.2085523624268467,0.06572209900942784
AMSC,True,ok,Industrials,Specialty Industrial Machinery,0.010849507762760006,0.0021986785623302222,0.05187941633537509
AMSF,False,industry_excluded,Financial Services,Insurance - Specialty,0.0,0.0,0.0
AMST,True,ok,Technology,Software - Application,0.0,0.0,0.18644791969884125
AMT,False,industry_excluded,Real Estate,REIT - Specialty,0.0,0.0,0.0
AMTB,False,industry_excluded,Financial Services,Banks - Regional,0.0,0.0,0.0
AMTD,False,industry_excluded,Financial Services,Asset Management,0.0,0.0,0.0
AMTM,False,debt/assets>0.30|debt/mktcap>0.33,Industrials,Specialty Business Services,0.41247703357274096,0.9159590091038605,0.08382536386210669
AMTX,False,debt/assets>0.30|debt/mktcap>0.33,Basic Materials,Specialty Chemicals,1.3037346414605364,2.6440212423297456,0.007023380619509826
AMUB,True,data_sparse,,,0.0,0.0,0.0
AMUU,True,data_sparse,,,0.0,0.0,0.0
AMWD,False,debt/assets>0.30|debt/mktcap>0.33,Consumer Cyclical,"Furnishings, Fixtures & Appliances",0.324677234811078,0.6759419829869175,0.0638855365268322
AMWL,False,cashinv/mktcap>0.33,Healthcare,Health Information Services,0.018811013652378156,0.1255486831736141,3.4952777889851085
AMZA,True,data_sparse,,,0.0,0.0,0.0
AMZD,True,data_sparse,,,0.0,0.0,0.0
AMZN,True,ok,Consumer Cyclical,Internet Retail,0.20947552704938757,0.05153986577849084,0.0310180220486152
AMZU,True,data_sparse,,,0.0,0.0,0.0
AMZY,True,data_sparse,,,0.0,0.0,0.0
AMZZ,True,data_sparse,,,0.0,0.0,0.0
AN,False,debt/assets>0.30|debt/mktcap>0.33,Consumer Cyclical,Auto & Truck Dealerships,0.6656591061168924,1.2341140970542097,0.008527161311638963
ANAB,True,ok,Healthcare,Biotechnology,0.033145665662189926,0.017125788313778458,0.13143618043648142
ANDE,False,debt/mktcap>0.33|cashinv/mktcap>0.33,Consumer Defensive,Food Distribution,0.21260597954924085,0.5254378957542765,0.3368755787794056
ANEB,True,ok,Healthcare,Biotechnology,0.0,0.0,0.11994198579999132
ANEL,True,data_sparse,,,0.0,0.0,0.0
ANET,True,ok,Technology,Computer Hardware,,,0.01669781199041133
ANEW,True,data_sparse,,,0.0,0.0,0.0
ANF,True,ok,Consumer Cyclical,Apparel Retail,0.2883774505005777,0.2822822314882689,0.22921828715164208
ANGH,False,debt/mktcap>0.33|cashinv/mktcap>0.33,Communication Services,Entertainment,0.09910463043590798,0.6286110845941876,0.7234004444350625
ANGI,False,debt/mktcap>0.33|cashinv/mktcap>0.33,Communication Services,Internet Content & Information,0.278393104408885,1.0564660967354986,0.863212631317791
ANGL,True,data_sparse,,,0.0,0.0,0.0
ANGO,True,ok,Healthcare,Medical Instruments & Supplies,,,0.11029523612735936
ANGX,True,ok,Communication Services,Entertainment,0.1449663028178785,0.01693181351965854,0.008549455639839543
ANIK,False,cashinv/mktcap>0.33,Healthcare,Drug Manufacturers - Specialty & Generic,0.1279076649896419,0.1780379901817852,0.38192485561555334
ANIP,False,debt/assets>0.30,Healthcare,Drug Manufacturers - Specialty & Generic,0.48616768598820437,0.32867047110164654,0.07628928605759347
ANIX,True,ok,Healthcare,Biotechnology,0.010745217914871938,0.0016054778684056966,0.008795527460101898
ANL,False,debt/assets>0.30|debt/mktcap>0.33|cashinv/mktcap>0.33,Healthcare,Biotechnology,0.38201206678826993,0.479230254110961,1.0719929822914034
ANNA,True,ok,Energy,Oil & Gas E&P,0.020981821242371107,0.01279186824004412,0.2078781610292043
ANNX,True,ok,Healthcare,Biotechnology,0.08276035432812201,0.07386755891056229,0.1262010365509807
ANPA,True,ok,Industrials,Specialty Business Services,0.18602405127379662,0.0030784454132739623,0.0008377545839942379
ANRO,False,cashinv/mktcap>0.33,Healthcare,Biotechnology,0.09543657275461581,0.0450382794055217,0.44716387547872466
ANTA,False,debt/assets>0.30|debt/mktcap>0.33,Financial Services,Credit Services,0.3268607508348103,1.6637807936521052,0.02404490572159387
ANTE,True,ok,Communication Services,Advertising Agencies,0.0,0.0,0.0006003784741932014
ANTX,False,cashinv/mktcap>0.33,Healthcare,Biotechnology,,,0.6853851465596571
ANVS,True,ok,Healthcare,Biotechnology,0.0,0.0,0.17014620471633754
ANY,False,industry_excluded,Financial Services,Capital Markets,0.0,0.0,0.0
AOA,True,data_sparse,,,0.0,0.0,0.0
AOD,False,industry_excluded,Financial Services,Asset Management,0.0,0.0,0.0
AOK,True,data_sparse,,,0.0,0.0,0.0
AOM,True,data_sparse,,,0.0,0.0,0.0
AOMD,True,data_sparse,,,0.0,0.0,0.0
AOMN,True,data_sparse,,,0.0,0.0,0.0
AOMR,False,industry_excluded,Real Estate,REIT - Mortgage,0.0,0.0,0.0
AON,False,industry_excluded,Financial Services,Insurance Brokers,0.0,0.0,0.0
AOR,True,data_sparse,,,0.0,0.0,0.0
AORT,False,debt/assets>0.30,Healthcare,Medical Devices,0.45907684821081207,0.1673220257828739,0.024693829989758092
AOS,True,ok,Industrials,Specialty Industrial Machinery,0.06688271604938271,0.023548647338696722,0.02603717536848978
AOSL,True,ok,Technology,Semiconductors,0.04921961939586369,0.09003273521610976,0.27072603665724176
AOTG,True,data_sparse,,,0.0,0.0,0.0
AOUT,False,debt/mktcap>0.33,Consumer Cyclical,Leisure,0.13510990237665157,0.4055281444462167,0.285374364649654
AP,False,debt/mktcap>0.33,Industrials,Metal Fabrication,0.25084385642385704,2.663284585871506,0.30852199641245703
APA,False,debt/assets>0.30|debt/mktcap>0.33,Energy,Oil & Gas E&P,0.317792676637442,0.7008444094751494,0.07108532228529184
APAM,False,industry_excluded,Financial Services,Asset Management,0.0,0.0,0.0
APCB,True,data_sparse,,,0.0,0.0,0.0
APD,False,debt/assets>0.30,Basic Materials,Specialty Chemicals,0.37918513389901604,0.2563467735058083,0.050901732029991605
APDN,False,cashinv/mktcap>0.33,Healthcare,Diagnostics & Research,0.057796441327887006,0.20440823090383983,1.7784606489310582
APED,True,data_sparse,,,0.0,0.0,0.0
APEI,False,debt/assets>0.30,Consumer Defensive,Education & Training Services,0.351904831232251,0.3214520007268911,0.2113819852653041
APG,False,debt/assets>0.30,Industrials,Engineering & Construction,0.37230127576054955,0.19443974848224907,0.0319688416779711
APGE,True,ok,Healthcare,Biotechnology,0.015692001204322296,0.002749616588614857,0.03295286843741966
APH,False,debt/assets>0.30,Technology,Electronic Components,0.3211770412589435,0.04159440546888181,0.02003581750777377
API,True,ok,Technology,Software - Application,0.07166399391699325,0.1623077596722975,0.08767014469893962
APIE,True,data_sparse,,,0.0,0.0,0.0
APLD,False,debt/assets>0.30,Technology,Information Technology Services,0.37585196434396206,0.10626192043512683,0.0062818890331030755
APLE,False,industry_excluded,Real Estate,REIT - Hotel & Motel,0.0,0.0,0.0
APLM,True,ok,Healthcare,Biotechnology,0.07375171781951442,0.01836580047192446,0.18567329959504583
APLS,False,debt/assets>0.30,Healthcare,Biotechnology,0.5307987901262187,0.18263489115471615,0.1598945566111728
APLT,False,cashinv/mktcap>0.33,Healthcare,Biotechnology,0.03224094773390548,0.07358088453565072,2.090223638769802
APLU,True,data_sparse,,,0.0,0.0,0.0
APLY,True,data_sparse,,,0.0,0.0,0.0
APM,True,ok,Healthcare,Biotechnology,0.207988879013018,0.29011309535800356,0.07559908285373941
APMU,True,data_sparse,,,0.0,0.0,0.0
APO,False,industry_excluded,Financial Services,Asset Management,0.0,0.0,0.0
APOG,False,debt/mktcap>0.33,Industrials,Building Products & Equipment,0.2994395325665869,0.48633213941051084,0.05727830176654728
APOS,True,data_sparse,,,0.0,0.0,0.0
APP,False,debt/assets>0.30,Communication Services,Advertising Agencies,0.6059376490286082,0.01892171013213188,0.003944647482717528
APPF,True,ok,Technology,Software - Application,0.06661953985938553,0.004712278742164535,0.004797496842007267
APPN,False,debt/assets>0.30,Technology,Software - Infrastructure,0.5072000309159328,0.09915919601106285,0.0373201805940599
APPS,False,debt/assets>0.30|debt/mktcap>0.33,Technology,Software - Application,0.5144687729899834,0.7177595365133286,0.06879841904024091
APPX,True,data_sparse,,,0.0,0.0,0.0
APRE,False,cashinv/mktcap>0.33,Healthcare,Biotechnology,,,3.2417778163051394
APRT,True,data_sparse,,,0.0,0.0,0.0
APRW,True,data_sparse,,,0.0,0.0,0.0
APTV,False,debt/assets>0.30|debt/mktcap>0.33,Consumer Cyclical,Auto Parts,0.37888993094040413,0.5075018383918973,0.08981777585401153
APUE,True,data_sparse,,,0.0,0.0,0.0
APVO,False,cashinv/mktcap>0.33,Healthcare,Biotechnology,0.29690205888012317,0.19079886723680697,0.35917505489339724
APWC,False,debt/mktcap>0.33|cashinv/mktcap>0.33,Industrials,Electrical Equipment & Parts,0.0913405519919967,0.8187904677177138,0.8977074886052375
APYX,False,debt/assets>0.30,Healthcare,Medical Devices,0.5978223990623361,0.24905464441818284,0.20393260418113562
AQB,False,debt/mktcap>0.33,Consumer Defensive,Farm Products,0.0963125610691485,0.7906659837732433,0.05552050334833329
AQMS,True,ok,Industrials,Waste Management,0.16199506922055756,0.2137155558289084,0.2041081133753494
AQN,False,debt/assets>0.30|debt/mktcap>0.33,Utilities,Utilities - Diversified,0.39493390926423483,1.4164378149575076,0.007367248651170817
AQNB,True,data_sparse,,,0.0,0.0,0.0
AQST,False,debt/assets>0.30,Healthcare,Drug Manufacturers - Specialty & Generic,0.3747042120208235,0.05779225530139433,0.10879919739484156
AQWA,True,data_sparse,,,0.0,0.0,0.0
AR,False,debt/assets>0.30|debt/mktcap>0.33,Energy,Oil & Gas E&P,0.31002655639294235,0.38052042879412823,0.0
ARAI,True,ok,Technology,Software - Infrastructure,0.019317910320838075,0.00015085988028460456,0.0010223717638950052
ARAY,False,debt/assets>0.30|debt/mktcap>0.33|cashinv/mktcap>0.33,Healthcare,Medical Devices,0.375079480859733,1.401946495148246,0.4563756043329442
ARB,True,data_sparse,,,0.0,0.0,0.0
ARBB,False,cashinv/mktcap>0.33,Technology,Information Technology Services,0.0005089559263053189,0.01144211388978865,2.748204987154338
ARBE,False,debt/assets>0.30,Technology,Scientific & Technical Instruments,0.5366607991840361,0.1988109928895564,0.08220105058225542
ARBK,False,industry_excluded,Financial Services,Capital Markets,0.0,0.0,0.0
ARBKL,True,data_sparse,,,0.0,0.0,0.0
ARCB,True,ok,Industrials,Trucking,0.17017357065452923,0.28089773605256957,0.08657994919531889
ARCC,False,industry_excluded,Financial Services,Asset Management,0.0,0.0,0.0
ARCO,False,debt/assets>0.30|debt/mktcap>0.33,Consumer Cyclical,Restaurants,0.5947088728897407,1.114059925015992,0.08746760843531337
ARCT,False,cashinv/mktcap>0.33,Healthcare,Biotechnology,0.08297754229529541,0.12932279325300863,1.0736645547871848
ARDC,False,industry_excluded,Financial Services,Asset Management,0.0,0.0,0.0
ARDT,False,debt/assets>0.30|debt/mktcap>0.33|cashinv/mktcap>0.33,Healthcare,Medical Care Facilities,0.4604808216137689,1.7140249357121835,0.4181701751390915
ARDX,False,debt/assets>0.30,Healthcare,Biotechnology,0.3521206919500452,0.10776431005751101,0.04560377599195965
ARE,False,industry_excluded,Real Estate,REIT - Office,0.0,0.0,0.0
AREA,True,data_sparse,,,0.0,0.0,0.0
AREB,False,debt/assets>0.30|debt/mktcap>0.33,Consumer Cyclical,Footwear & Accessories,1.080564129393582,1.5591501282393185,0.04146435257129441
AREC,False,debt/assets>0.30|debt/mktcap>0.33,Basic Materials,Coking Coal,1.0756080710371392,0.6712385455359552,0.0018400297581882058
ARES,False,industry_excluded,Financial Services,Asset Management,0.0,0.0,0.0
ARGD,True,data_sparse,,,0.0,0.0,0.0
ARGT,True,data_sparse,,,0.0,0.0,0.0
ARGX,True,ok,Healthcare,Biotechnology,0.006296309791404206,0.0006985806475691977,0.026830877581552046
ARHS,False,debt/assets>0.30|debt/mktcap>0.33,Consumer Cyclical,Specialty Retail,0.4140697793944539,0.38635898308674765,0.15277337714078829
ARI,False,industry_excluded,Real Estate,REIT - Mortgage,0.0,0.0,0.0
ARIS,False,debt/assets>0.30|debt/mktcap>0.33,Utilities,Utilities - Regulated Water,0.3236275397608924,0.33103144776208293,0.020652551201689785
ARKO,False,debt/assets>0.30|debt/mktcap>0.33|cashinv/mktcap>0.33,Consumer Cyclical,Specialty Retail,0.7135272096950334,5.305318420990633,0.5375432037624538
ARKR,False,debt/assets>0.30|debt/mktcap>0.33|cashinv/mktcap>0.33,Consumer Cyclical,Restaurants,0.6139924763363475,3.684867164559303,0.3951093894196489
ARL,False,industry_excluded,Real Estate,Real Estate Services,0.0,0.0,0.0
ARLO,True,ok,Industrials,Building Products & Equipment,0.06151809651474531,0.011492493308145167,0.05135655123679056
ARM,True,ok,Technology,Semiconductors,0.039856695029108824,0.00239136881833256,0.014005629174784798
ARMG,True,data_sparse,,,0.0,0.0,0.0
ARMH,True,data_sparse,,,0.0,0.0,0.0
ARMK,False,debt/assets>0.30|debt/mktcap>0.33,Industrials,Specialty Business Services,0.4392038074315483,0.5496472198592525,0.0664007269301455
AROC,True,ok,Energy,Oil & Gas Equipment & Services,0.0032464263814309118,0.002938701710352281,0.0010462393523767283
AROW,False,industry_excluded,Financial Services,Banks - Regional,0.0,0.0,0.0
ARP,True,data_sparse,,,0.0,0.0,0.0
ARQ,True,ok,Industrials,Pollution & Treatment Controls,0.12083989759747932,0.22545361205859127,0.08867767716974419
ARQQ,True,ok,Technology,Software - Infrastructure,0.03705228489090161,0.0023490139082733854,0.044382126418438056
ARQT,False,debt/assets>0.30,Healthcare,Biotechnology,0.31696327485246023,0.03611168946997046,0.023294545990327285
ARR,False,industry_excluded,Real Estate,REIT - Mortgage,0.0,0.0,0.0
ARRY,False,debt/assets>0.30|debt/mktcap>0.33,Technology,Solar,0.4856770586795643,0.554292013034366,0.2905152025345567
ARTL,False,cashinv/mktcap>0.33,Healthcare,Biotechnology,0.022137079608343976,0.028154520472864646,0.6329352775534379
ARTNA,False,debt/mktcap>0.33,Utilities,Utilities - Regulated Water,0.22427478297018744,0.5341606613933659,0.003420684819012739
ARTV,False,cashinv/mktcap>0.33,Healthcare,Biotechnology,0.06848903287988892,0.1733505073196977,0.4859103847016885
ARTW,False,debt/mktcap>0.33,Industrials,Farm & Heavy Construction Machinery,0.22520211684331823,0.4054872996362302,0.00015767006038185186
ARTY,True,data_sparse,,,0.0,0.0,0.0
ARVN,True,ok,Healthcare,Biotechnology,0.008887667216419278,0.014288854719659797,0.1480443195181247
ARVR,True,data_sparse,,,0.0,0.0,0.0
ARW,False,debt/mktcap>0.33,Technology,Electronics & Computer Distribution,0.1435703220013028,0.5502420830878088,0.0332578443042089
ARWR,False,debt/assets>0.30,Healthcare,Biotechnology,0.44793043002205646,0.08949976998113385,0.01800068138115751
ARX,False,industry_excluded,Financial Services,Insurance Brokers,0.0,0.0,0.0
AS,True,ok,Consumer Cyclical,Leisure,0.1779206602449528,0.08794796198739198,0.02048086978859573
ASA,False,industry_excluded,Financial Services,Asset Management,0.0,0.0,0.0
ASAN,True,ok,Technology,Software - Application,0.2951375060998525,0.08803343692409589,0.06181246241253709
ASB,False,industry_excluded,Financial Services,Banks - Regional,0.0,0.0,0.0
ASBA,True,data_sparse,,,0.0,0.0,0.0
ASBP,False,debt/assets>0.30,Healthcare,Biotechnology,8.560311915074768,0.24131269764418062,0.0006920325903839722
ASC,True,ok,Industrials,Marine Shipping,0.06276541255024483,0.08472071140135157,0.08998930278560272
ASCE,True,data_sparse,,,0.0,0.0,0.0
ASEA,True,data_sparse,,,0.0,0.0,0.0
ASET,True,data_sparse,,,0.0,0.0,0.0
ASG,False,industry_excluded,Financial Services,Asset Management,0.0,0.0,0.0
ASGI,False,industry_excluded,Financial Services,Asset Management,0.0,0.0,0.0
ASGM,True,data_sparse,,,0.0,0.0,0.0
ASGN,False,debt/assets>0.30|debt/mktcap>0.33,Technology,Information Technology Services,0.32076407115777195,0.5796305534548105,0.10813727572409047
ASH,False,debt/mktcap>0.33,Basic Materials,Specialty Chemicals,0.2600531443755536,0.6048653866337517,0.12361009263632527
ASHR,True,data_sparse,,,0.0,0.0,0.0
ASHS,True,data_sparse,,,0.0,0.0,0.0
ASIA,True,data_sparse,,,0.0,0.0,0.0
ASIC,False,industry_excluded,Financial Services,Insurance - Property & Casualty,0.0,0.0,0.0
ASIX,False,debt/mktcap>0.33,Basic Materials,Chemicals,0.2187526647104557,0.801689130642403,0.04495431594181589
ASLE,True,ok,Industrials,Airports & Air Services,0.12562776676263346,0.2696893210333932,0.016677641571868913
ASLV,True,data_sparse,,,0.0,0.0,0.0
ASMB,True,ok,Healthcare,Biotechnology,0.025921388292158967,0.005319925812146639,0.06603665760471049
ASMF,True,data_sparse,,,0.0,0.0,0.0
ASMG,True,data_sparse,,,0.0,0.0,0.0
ASMH,True,data_sparse,,,0.0,0.0,0.0
ASML,True,ok,Technology,Semiconductor Equipment & Materials,0.09647331939345045,0.011819965720610438,0.032114067203072465
ASND,False,debt/assets>0.30,Healthcare,Biotechnology,0.7262565759074858,0.06791148153907271,0.044359893014860055
ASNS,True,ok,Technology,Communication Equipment,0.1635258358662614,0.1816302198342719,0.26562575644164527
ASO,False,debt/assets>0.30|debt/mktcap>0.33,Consumer Cyclical,Specialty Retail,0.36453121559987295,0.5996175138576139,0.09697265722803033
ASPI,False,debt/assets>0.30,Basic Materials,Chemicals,0.4000713295550086,0.04209167234395449,0.06901554596337527
ASPN,False,debt/mktcap>0.33|cashinv/mktcap>0.33,Industrials,Building Products & Equipment,0.22050530417452388,0.7417004848083333,0.8299978036995616
ASPS,False,industry_excluded,Real Estate,Real Estate Services,0.0,0.0,0.0
ASR,False,debt/mktcap>0.33|cashinv/mktcap>0.33,Industrials,Airports & Air Services,0.16000085703949862,1.4594596099447572,2.190337726481331
ASRT,False,debt/mktcap>0.33|cashinv/mktcap>0.33,Healthcare,Drug Manufacturers - Specialty & Generic,0.13966466712557773,0.5009149710295884,0.637218964328333
ASRV,False,industry_excluded,Financial Services,Banks - Regional,0.0,0.0,0.0
ASST,False,industry_excluded,Financial Services,Asset Management,0.0,0.0,0.0
ASTC,False,debt/mktcap>0.33|cashinv/mktcap>0.33,Technology,Scientific & Technical Instruments,0.09926266256623069,0.46434913258472243,0.5373207581234191
ASTE,True,ok,Industrials,Farm & Heavy Construction Machinery,0.11335760827903411,0.11812226754241488,0.08816733917155735
ASTH,False,debt/assets>0.30|debt/mktcap>0.33,Healthcare,Medical Care Facilities,0.3482479072163579,0.4293702019879989,0.26249203990015285
ASTI,False,debt/mktcap>0.33|cashinv/mktcap>0.33,Technology,Solar,0.28861699540441615,0.35929720253751685,0.552336922623808
ASTL,False,debt/mktcap>0.33,Basic Materials,Steel,0.05459641255605381,0.3549905238332517,0.2378752380785444
ASTS,True,ok,Technology,Communication Equipment,0.1812351436943265,0.00767195323155441,0.02505526885774256
ASUR,True,ok,Technology,Software - Application,0.04061258983414178,0.07827299499068209,0.09456938575962126
ASX,False,debt/mktcap>0.33|cashinv/mktcap>0.33,Technology,Semiconductors,0.2717890916343517,6.2002217520824345,2.354737403875166
ASYS,True,ok,Technology,Semiconductor Equipment & Materials,0.1477138029305692,0.1673532710653083,0.10558752279494668
ATAI,True,ok,Healthcare,Biotechnology,0.1550063681479669,0.016470920801994027,0.011670180063098253
ATAT,False,cashinv/mktcap>0.33,Consumer Cyclical,Lodging,0.2199332285290654,0.3108443200342879,0.6491034754889241
ATEC,False,debt/assets>0.30,Healthcare,Medical Devices,0.7862938469273311,0.203263643135692,0.04626899250570466
ATEN,True,ok,Technology,Software - Infrastructure,0.027582223351778474,0.00951617040195819,0.07583043844596085
ATER,False,debt/mktcap>0.33|cashinv/mktcap>0.33,Consumer Cyclical,"Furnishings, Fixtures & Appliances",0.14965080134027695,0.8860453907102669,2.150936733477662
ATEX,True,ok,Communication Services,Telecom Services,0.016181132619242037,0.01270309963818624,0.111650582979487
ATFV,True,data_sparse,,,0.0,0.0,0.0
ATGE,True,ok,Consumer Defensive,Education & Training Services,0.281214030763507,0.22085165622248978,0.05695376154220308
ATGL,True,ok,Technology,Software - Infrastructure,0.05710655589757355,0.01482168539423071,0.1813457437075803
ATHA,False,cashinv/mktcap>0.33,Healthcare,Biotechnology,0.02070467343779241,0.06572498457172118,2.6159299939893432
ATHE,False,cashinv/mktcap>0.33,Healthcare,Biotechnology,0.003377564508685892,0.0022334921164882766,0.47639903960874747
ATHM,False,cashinv/mktcap>0.33,Communication Services,Internet Content & Information,0.0032001257377788257,0.032981407820255756,0.5775564126866263
ATHR,True,ok,Technology,Software - Application,0.0,0.0,0.007489232035946301
ATHS,True,data_sparse,,,0.0,0.0,0.0
ATI,False,debt/assets>0.30,Industrials,Metal Fabrication,0.36234848774519174,0.1403845608619028,0.053419165986178595
ATII,False,debt/assets>0.30,Financial Services,Shell Companies,0.4469095233551552,0.0006252209805127689,0.0
ATKR,False,debt/assets>0.30|debt/mktcap>0.33,Industrials,Electrical Equipment & Parts,0.3148219552307322,0.4347447087235082,0.16059937665822466
ATLC,False,debt/assets>0.30|debt/mktcap>0.33|cashinv/mktcap>0.33,Financial Services,Credit Services,0.7659469344089825,3.1000833262459477,0.4645642889898677
ATLCL,True,data_sparse,,,0.0,0.0,0.0
ATLCP,False,debt/assets>0.30|data_sparse,Financial Services,Credit Services,0.7659469344089825,0.0,0.0
ATLCZ,True,data_sparse,,,0.0,0.0,0.0
ATLN,False,debt/assets>0.30|debt/mktcap>0.33,Industrials,Staffing & Employment Services,0.6738456426452377,0.5832641783022179,0.0047856390699098144
ATLO,False,industry_excluded,Financial Services,Banks - Regional,0.0,0.0,0.0
ATLX,True,ok,Basic Materials,Other Industrial Metals & Mining,0.17867235398086181,0.11518971511527824,0.17314057699327756
ATMU,False,debt/assets>0.30,Consumer Cyclical,Auto Parts,0.530622532134756,0.1591486560616123,0.04643935609904235
ATNI,False,debt/assets>0.30|debt/mktcap>0.33,Communication Services,Telecom Services,0.40255097698284353,2.2956111638141485,0.24233371757923702
ATO,False,debt/assets>0.30,Utilities,Utilities - Regulated Gas,0.322658687136242,0.28455282474434423,0.010758048184606156
ATOM,False,cashinv/mktcap>0.33,Technology,Semiconductor Equipment & Materials,0.06812251064414229,0.027110050951290692,0.35223936160401786
ATON,False,industry_excluded,Financial Services,Asset Management,0.0,0.0,0.0
ATOS,False,cashinv/mktcap>0.33,Healthcare,Biotechnology,,,0.6878843317230702
ATPC,True,ok,Consumer Defensive,Packaged Foods,0.11196844463923063,0.005254843441935662,0.029552780055419652
ATR,True,ok,Healthcare,Medical Instruments & Supplies,0.2427796722137014,0.13642822101745058,0.028379867336727368
ATRA,False,debt/assets>0.30|debt/mktcap>0.33,Healthcare,Biotechnology,0.4017580523932611,0.45356370138639723,0.25901073317290324
ATRC,True,ok,Healthcare,Medical Instruments & Supplies,0.12559737940813487,0.046787623372205336,0.07502709954083904
ATRO,False,industry_excluded,Industrials,Aerospace & Defense,0.0,0.0,0.0
ATS,False,debt/assets>0.30|debt/mktcap>0.33,Industrials,Specialty Industrial Machinery,0.36789032669013766,0.6469655503532759,0.08597089597602812
ATUS,False,debt/assets>0.30|debt/mktcap>0.33,Communication Services,Telecom Services,0.7984703500195733,29.77960580669316,0.3018054324246618
ATXS,True,ok,Healthcare,Biotechnology,0.01563545126079629,0.0074600408108081015,0.08336626962498424
ATYR,True,ok,Healthcare,Biotechnology,0.1371785603635237,0.18002563237546965,0.14982935827078347
AU,True,ok,Basic Materials,Gold,0.16363912746066733,0.052841597153494735,0.03497411794878309
AUB,False,industry_excluded,Financial Services,Banks - Regional,0.0,0.0,0.0
AUBN,False,industry_excluded,Financial Services,Banks - Regional,0.0,0.0,0.0
AUDC,True,ok,Technology,Communication Equipment,0.10854984057802745,0.13084989869933422,0.21083047278501418
AUGO,False,debt/assets>0.30,Basic Materials,Gold,0.4326311579968563,0.15804389716306214,0.09136892197706369
AUGT,True,data_sparse,,,0.0,0.0,0.0
AUGW,True,data_sparse,,,0.0,0.0,0.0
AUID,True,ok,Technology,Software - Infrastructure,0.016645547966858992,0.008573172876415248,0.3015067708361586
AUMI,True,data_sparse,,,0.0,0.0,0.0
AUNA,False,debt/assets>0.30|debt/mktcap>0.33|cashinv/mktcap>0.33,Healthcare,Medical Care Facilities,0.5321015376967314,10.283926121956801,0.6434717773570735
AUPH,True,ok,Healthcare,Biotechnology,0.14413823788466254,0.03921872603718845,0.04122687660750096
AUR,True,ok,Technology,Information Technology Services,0.05659494855004677,0.01502892096894342,0.026207457226835217
AURA,True,ok,Healthcare,Biotechnology,0.10284214506062914,0.05339825382391045,0.09016734287608258
AUSF,True,data_sparse,,,0.0,0.0,0.0
AUSM,True,data_sparse,,,0.0,0.0,0.0
AUTL,False,cashinv/mktcap>0.33,Healthcare,Biotechnology,0.06723817432687086,0.14434077564311093,0.6236144628575607
AUUD,False,cashinv/mktcap>0.33,Technology,Software - Application,0.015380889971326804,0.02227096757810011,0.7396014713533224
AVA,False,debt/assets>0.30|debt/mktcap>0.33,Utilities,Utilities - Diversified,0.3925198337740839,0.9266008861986804,0.008918199097196154
AVAH,False,debt/assets>0.30|debt/mktcap>0.33,Healthcare,Medical Care Facilities,0.8015082415831727,0.7481640098764626,0.04729981463315038
AVAL,False,industry_excluded,Financial Services,Banks - Regional,0.0,0.0,0.0
AVAV,False,industry_excluded,Industrials,Aerospace & Defense,0.0,0.0,0.0
AVBC,False,industry_excluded,Financial Services,Banks - Regional,0.0,0.0,0.0
AVBH,False,industry_excluded,Financial Services,Banks - Regional,0.0,0.0,0.0
AVBP,True,ok,Healthcare,Biotechnology,0.00064013501029308,0.00020606211776008016,0.08698280065198657
AVD,False,debt/mktcap>0.33,Basic Materials,Agricultural Inputs,0.26354871285853615,1.1580657011648374,0.08636132094833217
AVDE,True,data_sparse,,,0.0,0.0,0.0
AVDL,True,ok,Healthcare,Drug Manufacturers - Specialty & Generic,0.010375313573150831,0.0007406148736596581,0.022327539128386323
AVDS,True,data_sparse,,,0.0,0.0,0.0
AVDV,True,data_sparse,,,0.0,0.0,0.0
AVDX,True,ok,Technology,Software - Infrastructure,0.03608345843037626,0.03630450299333285,0.17122731593867585
AVEE,True,data_sparse,,,0.0,0.0,0.0
AVEM,True,data_sparse,,,0.0,0.0,0.0
AVES,True,data_sparse,,,0.0,0.0,0.0
AVGB,True,data_sparse,,,0.0,0.0,0.0
AVGE,True,data_sparse,,,0.0,0.0,0.0
AVGG,True,data_sparse,,,0.0,0.0,0.0
AVGO,False,debt/assets>0.30,Technology,Semiconductors,0.40789640496241963,0.0417790743784293,0.00578028575451495
AVGU,True,data_sparse,,,0.0,0.0,0.0
AVGV,True,data_sparse,,,0.0,0.0,0.0
AVGX,True,data_sparse,,,0.0,0.0,0.0
AVIE,True,data_sparse,,,0.0,0.0,0.0
AVIG,True,data_sparse,,,0.0,0.0,0.0
AVIR,True,ok,Healthcare,Biotechnology,0.003533705785636196,0.006868338730255659,0.2706175654644459
AVIV,True,data_sparse,,,0.0,0.0,0.0
AVK,False,industry_excluded,Financial Services,Asset Management,0.0,0.0,0.0
AVL,True,data_sparse,,,0.0,0.0,0.0
AVLC,True,data_sparse,,,0.0,0.0,0.0
AVLV,True,data_sparse,,,0.0,0.0,0.0
AVMA,True,data_sparse,,,0.0,0.0,0.0
AVMC,True,data_sparse,,,0.0,0.0,0.0
AVMU,True,data_sparse,,,0.0,0.0,0.0
AVMV,True,data_sparse,,,0.0,0.0,0.0
AVNM,True,data_sparse,,,0.0,0.0,0.0
AVNS,True,ok,Healthcare,Medical Devices,0.14746144515681858,0.3120518543127907,0.19746171979722418
AVNT,False,debt/assets>0.30|debt/mktcap>0.33,Basic Materials,Specialty Chemicals,0.36975787716611314,0.77833302829964,0.19723662396293293
AVNV,True,data_sparse,,,0.0,0.0,0.0
AVNW,True,ok,Technology,Communication Equipment,0.14356793663626488,0.3203288651165132,0.21029718061619068
AVO,True,ok,Consumer Defensive,Food Distribution,0.22367472979927946,0.24058416525228077,0.06421482551602524
AVPT,True,ok,Technology,Software - Infrastructure,0.031852115864407435,0.005884515808055574,0.10347999174106559
AVR,True,ok,Healthcare,Medical Instruments & Supplies,0.05534489626382035,0.010820744691297643,0.13467005084644615
AVRE,True,data_sparse,,,0.0,0.0,0.0
AVS,True,data_sparse,,,0.0,0.0,0.0
AVSC,True,data_sparse,,,0.0,0.0,0.0
AVSD,True,data_sparse,,,0.0,0.0,0.0
AVSE,True,data_sparse,,,0.0,0.0,0.0
AVSF,True,data_sparse,,,0.0,0.0,0.0
AVSU,True,data_sparse,,,0.0,0.0,0.0
AVT,False,debt/mktcap>0.33,Technology,Electronics & Computer Distribution,0.23746308655827145,0.7568630998533853,0.050610278029705996
AVTR,False,debt/assets>0.30|debt/mktcap>0.33,Healthcare,Medical Instruments & Supplies,0.33478888934747614,0.5084218461154562,0.032830928916030865
AVTX,False,cashinv/mktcap>0.33,Healthcare,Biotechnology,0.003768277472600377,0.002072960545221694,0.49103617872781347
AVUQ,True,data_sparse,,,0.0,0.0,0.0
AVUS,True,data_sparse,,,0.0,0.0,0.0
AVUV,True,data_sparse,,,0.0,0.0,0.0
AVXC,True,data_sparse,,,0.0,0.0,0.0
AVXL,True,ok,Healthcare,Biotechnology,0.0,0.0,0.2704671314878966
AVY,False,debt/assets>0.30,Consumer Cyclical,Packaging & Containers,0.3750743675781157,0.23117290900449428,0.02413520853796684
AWAY,True,data_sparse,,,0.0,0.0,0.0
AWEG,True,data_sparse,,,0.0,0.0,0.0
AWF,False,industry_excluded,Financial Services,Asset Management,0.0,0.0,0.0
AWI,False,debt/assets>0.30,Industrials,Building Products & Equipment,0.32555489227763607,0.0753588863284849,0.00996159307526063
AWK,False,debt/assets>0.30|debt/mktcap>0.33,Utilities,Utilities - Regulated Water,0.42978982637831253,0.549408559547917,0.003738002956527288
AWP,False,industry_excluded,Financial Services,Asset Management,0.0,0.0,0.0
AWR,False,debt/assets>0.30,Utilities,Utilities - Regulated Water,0.3752626280442955,0.3228289054591479,0.009173545485348917
AWRE,True,ok,Technology,Software - Application,0.09952162086108245,0.08273408881019374,0.25288091424265624
AX,False,industry_excluded,Financial Services,Banks - Regional,0.0,0.0,0.0
AXGN,False,debt/assets>0.30,Healthcare,Medical Devices,0.33714560590591375,0.06192161921206159,0.024840408464157835
AXL,False,debt/assets>0.30|debt/mktcap>0.33|cashinv/mktcap>0.33,Consumer Cyclical,Auto Parts,0.5410185972054784,3.7019322750827364,0.7476888967646558
AXON,False,industry_excluded,Industrials,Aerospace & Defense,0.0,0.0,0.0
AXP,True,ok,Financial Services,Credit Services,0.18820014661406242,0.20334346473368553,0.1614042980265892
AXR,False,industry_excluded,Real Estate,Real Estate - Development,0.0,0.0,0.0
AXS,False,industry_excluded,Financial Services,Insurance - Specialty,0.0,0.0,0.0
AXSM,False,debt/assets>0.30,Healthcare,Biotechnology,0.33941192405250326,0.027400044667068458,0.0447808363913557
AXTA,False,debt/assets>0.30|debt/mktcap>0.33,Basic Materials,Specialty Chemicals,0.4756518140433163,0.5447247102285405,0.09368380312225189
AXTI,True,ok,Technology,Semiconductor Equipment & Materials,0.14669892783675298,0.10336951302006471,0.04741619805908628
AYI,True,ok,Industrials,Electrical Equipment & Parts,0.211221399730821,0.09282414479152973,0.039046397027500304
AYTU,False,debt/mktcap>0.33|cashinv/mktcap>0.33,Healthcare,Drug Manufacturers - Specialty & Generic,0.1756766550971597,1.02449807382364,1.4535991006641902
AZ,True,ok,Technology,Software - Application,0.07373662464244093,0.006362744267143841,0.0618264935038704
AZI,False,debt/assets>0.30|debt/mktcap>0.33,Consumer Cyclical,Auto & Truck Dealerships,0.6176053438257766,1.0864399625645589,0.15871246804780428
AZN,True,ok,Healthcare,Drug Manufacturers - General,0.289460277791128,0.10900671522002116,0.01986547297361613
AZNH,True,data_sparse,,,0.0,0.0,0.0
AZO,False,debt/assets>0.30,Consumer Cyclical,Auto Parts,0.6349052074767645,0.19156339824604673,0.00423699004633735
AZTA,True,ok,Healthcare,Medical Instruments & Supplies,0.02799564389457158,0.04292354768515535,0.22700666346097542
AZTD,True,data_sparse,,,0.0,0.0,0.0
AZZ,False,debt/assets>0.30,Industrials,Specialty Business Services,0.3947400679178897,0.29802881592650016,0.0005044406354704926
B,True,ok,Basic Materials,Gold,0.11035988745643135,0.08344919052247397,0.06468264881821899
BA,False,industry_excluded,Industrials,Aerospace & Defense,0.0,0.0,0.0
BAB,True,data_sparse,,,0.0,0.0,0.0
BABA,False,debt/mktcap>0.33|cashinv/mktcap>0.33,Consumer Cyclical,Internet Retail,0.13751595558651988,0.6235495906556182,0.3656376578764013
BABO,True,data_sparse,,,0.0,0.0,0.0
BABX,True,data_sparse,,,0.0,0.0,0.0
BAC,False,industry_excluded,Financial Services,Banks - Diversified,0.0,0.0,0.0
BAER,False,debt/assets>0.30|debt/mktcap>0.33|cashinv/mktcap>0.33,Industrials,Security & Protection Services,0.730916168344171,2.014149347270326,0.372740388339248
BAFE,True,data_sparse,,,0.0,0.0,0.0
BAFN,False,industry_excluded,Financial Services,Banks - Regional,0.0,0.0,0.0
BAH,False,debt/assets>0.30|debt/mktcap>0.33,Industrials,Consulting Services,0.5769967177242888,0.4130291750447342,0.0866392083229651
BAI,True,data_sparse,,,0.0,0.0,0.0
BAIG,True,data_sparse,,,0.0,0.0,0.0
BAK,False,debt/assets>0.30|debt/mktcap>0.33|cashinv/mktcap>0.33,Basic Materials,Chemicals,0.7257888259906473,64.86485048954242,13.185543656388631
BALL,False,debt/assets>0.30|debt/mktcap>0.33,Consumer Cyclical,Packaging & Containers,0.32181756296800546,0.44157115687421294,0.06888603452030291
BALY,False,industry_excluded,Consumer Cyclical,Resorts & Casinos,0.0,0.0,0.0
BAM,False,industry_excluded,Financial Services,Asset Management,0.0,0.0,0.0
BANC,False,industry_excluded,Financial Services,Banks - Regional,0.0,0.0,0.0
BAND,False,debt/assets>0.30|debt/mktcap>0.33,Technology,Software - Infrastructure,0.5091016068081596,1.150581716856539,0.18692217698559366
BANF,False,industry_excluded,Financial Services,Banks - Regional,0.0,0.0,0.0
BANFP,True,data_sparse,,,0.0,0.0,0.0
BANR,False,industry_excluded,Financial Services,Banks - Regional,0.0,0.0,0.0
BANX,False,industry_excluded,Financial Services,Asset Management,0.0,0.0,0.0
BAOS,False,cashinv/mktcap>0.33,Communication Services,Advertising Agencies,0.03223824477848746,0.16656762360764799,0.3600133002693207
BAP,False,industry_excluded,Financial Services,Banks - Regional,0.0,0.0,0.0
BAR,True,data_sparse,,,0.0,0.0,0.0
BARK,False,debt/assets>0.30|debt/mktcap>0.33|cashinv/mktcap>0.33,Consumer Cyclical,Specialty Retail,0.3267903389797993,0.6574411518725755,0.7257456233943068
BASE,True,ok,Technology,Software - Infrastructure,0.01656190761249127,0.0031869416395560353,0.02254783362036216
BASG,True,data_sparse,,,0.0,0.0,0.0
BASV,True,data_sparse,,,0.0,0.0,0.0
BATRA,False,debt/assets>0.30,Communication Services,Entertainment,0.4731219558931808,0.2899855718964181,0.04430197142851467
BATRK,False,debt/assets>0.30,Communication Services,Entertainment,0.4731219558931808,0.29046309233150047,0.04437492366725262
BATT,True,data_sparse,,,0.0,0.0,0.0
BAX,False,debt/assets>0.30|debt/mktcap>0.33,Healthcare,Medical Instruments & Supplies,0.5216430067488945,1.399065782704155,0.18350450150123648
BB,True,ok,Technology,Software - Infrastructure,0.18447051559123187,0.09021750443928905,0.10067367545589284
BBAG,True,data_sparse,,,0.0,0.0,0.0
BBAI,False,debt/assets>0.30,Technology,Information Technology Services,0.4258877873964442,0.05289885507995451,0.018116259084516077
BBAR,False,industry_excluded,Financial Services,Banks - Regional,0.0,0.0,0.0
BBB,True,data_sparse,,,0.0,0.0,0.0
BBBI,True,data_sparse,,,0.0,0.0,0.0
BBBL,True,data_sparse,,,0.0,0.0,0.0
BBBS,True,data_sparse,,,0.0,0.0,0.0
BBBY,False,cashinv/mktcap>0.33,,,0.08126551794483947,0.07448471902765207,0.3629468312540135
BBC,True,data_sparse,,,0.0,0.0,0.0
BBCB,True,data_sparse,,,0.0,0.0,0.0
BBCP,False,debt/assets>0.30|debt/mktcap>0.33,Industrials,Engineering & Construction,0.4452310159355895,1.2307083117477773,0.13248922982978562
BBD,False,industry_excluded,Financial Services,Banks - Regional,0.0,0.0,0.0
BBDC,False,industry_excluded,Financial Services,Asset Management,0.0,0.0,0.0
BBDO,False,industry_excluded,Financial Services,Banks - Regional,0.0,0.0,0.0
BBGI,False,debt/assets>0.30|debt/mktcap>0.33|cashinv/mktcap>0.33,Communication Services,Broadcasting,0.5229523777312854,36.5993696491668,1.7550732881921294
BBH,True,data_sparse,,,0.0,0.0,0.0
BBIO,False,debt/assets>0.30,Healthcare,Biotechnology,1.8824240921184592,0.13526593634034054,0.053236228063672314
BBLG,False,cashinv/mktcap>0.33,Healthcare,Medical Devices,,,1.0643181841160456
BBLU,True,data_sparse,,,0.0,0.0,0.0
BBMC,True,data_sparse,,,0.0,0.0,0.0
BBN,False,industry_excluded,Financial Services,Asset Management,0.0,0.0,0.0
BBNX,True,ok,Healthcare,Medical Devices,0.04848140599418624,0.006063065150510324,0.02543228100073469
BBOT,True,ok,Healthcare,Biotechnology,0.0,0.0,0.029397259530494883
BBP,True,data_sparse,,,0.0,0.0,0.0
BBSC,True,data_sparse,,,0.0,0.0,0.0
BBSI,True,ok,Industrials,Staffing & Employment Services,0.028766961588608038,0.02350925343009661,0.060693688084685206
BBT,False,industry_excluded,Financial Services,Banks - Regional,0.0,0.0,0.0
BBUC,False,industry_excluded,Financial Services,Asset Management,0.0,0.0,0.0
BBVA,False,industry_excluded,Financial Services,Banks - Diversified,0.0,0.0,0.0
BBW,False,debt/assets>0.30,Consumer Cyclical,Specialty Retail,0.33451972023341475,0.1497673246939699,0.04285992617072061
BBWI,False,debt/assets>0.30|debt/mktcap>0.33,Consumer Cyclical,Specialty Retail,1.0178571428571428,1.0932234389771909,0.14858491588437722
BBY,True,ok,Consumer Cyclical,Specialty Retail,0.27418481937491546,0.2532252223061803,0.09859101919544842
BC,False,debt/assets>0.30|debt/mktcap>0.33,Consumer Cyclical,Recreational Vehicles,0.4423798369057893,0.6010863577547816,0.06437561421986553
BCAB,False,cashinv/mktcap>0.33,Healthcare,Biotechnology,0.015947502956773874,0.018021103573665178,1.057252447217682
BCAL,False,industry_excluded,Financial Services,Banks - Regional,0.0,0.0,0.0
BCAR,True,data_sparse,Financial Services,Shell Companies,0.0,0.0,0.0
BCAT,False,industry_excluded,Financial Services,Asset Management,0.0,0.0,0.0
BCAX,False,cashinv/mktcap>0.33,Healthcare,Biotechnology,0.001447070173099397,0.0009114743433462281,0.6048225096943424
BCBP,False,industry_excluded,Financial Services,Banks - Regional,0.0,0.0,0.0
BCC,True,ok,Basic Materials,Lumber & Wood Production,0.15321024650507228,0.20144227818821409,0.27833018096897
BCD,True,data_sparse,,,0.0,0.0,0.0
BCDA,True,ok,Healthcare,Biotechnology,0.25537056928034374,0.07169671620107967,0.17875174985568865
BCDF,True,data_sparse,,,0.0,0.0,0.0
BCE,False,debt/assets>0.30|debt/mktcap>0.33,Communication Services,Telecom Services,0.5511873171395523,1.9025283641474169,0.07383899339422624
BCG,False,industry_excluded,Financial Services,Asset Management,0.0,0.0,0.0
BCH,False,industry_excluded,Financial Services,Banks - Regional,0.0,0.0,0.0
BCHI,True,data_sparse,,,0.0,0.0,0.0
BCI,True,data_sparse,,,0.0,0.0,0.0
BCIC,False,industry_excluded,Financial Services,Asset Management,0.0,0.0,0.0
BCIL,True,data_sparse,,,0.0,0.0,0.0
BCIM,True,data_sparse,,,0.0,0.0,0.0
BCLO,True,data_sparse,,,0.0,0.0,0.0
BCML,False,industry_excluded,Financial Services,Banks - Regional,0.0,0.0,0.0
BCO,False,debt/assets>0.30|debt/mktcap>0.33,Industrials,Security & Protection Services,0.6421464268997902,0.8993997380992353,0.29506993994118574
BCOR,True,data_sparse,,,0.0,0.0,0.0
BCPC,True,ok,Basic Materials,Specialty Chemicals,0.1320603210291417,0.04093441699888826,0.00974249513420215
BCRX,False,debt/assets>0.30|debt/mktcap>0.33,Healthcare,Drug Manufacturers - Specialty & Generic,1.6490803800823783,0.5425446381315426,0.07024672478079316
BCS,False,industry_excluded,Financial Services,Banks - Diversified,0.0,0.0,0.0
BCSF,False,industry_excluded,Financial Services,Asset Management,0.0,0.0,0.0
BCTX,True,ok,Healthcare,Biotechnology,,,0.045467196568783425
BCUS,True,data_sparse,,,0.0,0.0,0.0
BCX,False,industry_excluded,Financial Services,Asset Management,0.0,0.0,0.0
BCYC,False,cashinv/mktcap>0.33,Healthcare,Biotechnology,0.00992090863107555,0.020734855823127944,1.9210703037561878
BDBT,True,data_sparse,,,0.0,0.0,0.0
BDC,False,debt/assets>0.30,Technology,Communication Equipment,0.3759790597060402,0.28424133328019907,0.08412099581319599
BDCX,True,data_sparse,,,0.0,0.0,0.0
BDCZ,True,data_sparse,,,0.0,0.0,0.0
BDGS,True,data_sparse,,,0.0,0.0,0.0
BDIV,True,data_sparse,,,0.0,0.0,0.0
BDJ,False,industry_excluded,Financial Services,Asset Management,0.0,0.0,0.0
BDMD,False,debt/mktcap>0.33,Healthcare,Medical Devices,0.2677851264326211,0.44063196807341565,0.06268841368399804
BDN,False,industry_excluded,Real Estate,REIT - Office,0.0,0.0,0.0
BDRX,False,cashinv/mktcap>0.33,Healthcare,Biotechnology,0.04918809201623816,0.20876356166856985,0.47926600333541
BDRY,True,data_sparse,,,0.0,0.0,0.0
BDTX,True,ok,Healthcare,Biotechnology,0.1809034572733203,0.08640151984262479,0.1419008464124096
BDVG,True,data_sparse,,,0.0,0.0,0.0
BDX,False,debt/assets>0.30|debt/mktcap>0.33,Healthcare,Medical Instruments & Supplies,0.35104563069510875,0.36345192051026554,0.031031673173352856
BE,False,debt/assets>0.30,Industrials,Electrical Equipment & Parts,0.5756756533002377,0.057807622670186944,0.030338407940246247
BEAM,True,ok,Healthcare,Biotechnology,0.14624161098146082,0.07324064622657167,0.12793213749151455
BEAT,True,ok,Healthcare,Health Information Services,,,0.044125406084832085
BEDZ,True,data_sparse,,,0.0,0.0,0.0
BEEM,True,ok,Technology,Solar,0.03138677817732147,0.06009076343448545,0.1424235201775363
BEEP,False,debt/assets>0.30|debt/mktcap>0.33,Industrials,Infrastructure Operations,0.5135594200384521,1.5270363395605655,0.07633068365876094
BEEX,True,data_sparse,,,0.0,0.0,0.0
BEEZ,True,data_sparse,,,0.0,0.0,0.0
BEKE,False,industry_excluded,Real Estate,Real Estate Services,0.0,0.0,0.0
BELFA,False,debt/assets>0.30,Technology,Electronic Components,0.33503441290644553,0.17656647313448773,0.037871580866994936
BELFB,False,debt/assets>0.30,Technology,Electronic Components,0.33503441290644553,0.17631946892083453,0.037818601159773105
BELT,True,data_sparse,,,0.0,0.0,0.0
BEN,False,industry_excluded,Financial Services,Asset Management,0.0,0.0,0.0
BENF,False,industry_excluded,Financial Services,Asset Management,0.0,0.0,0.0
BENJ,True,data_sparse,,,0.0,0.0,0.0
BEP,False,debt/assets>0.30|debt/mktcap>0.33|cashinv/mktcap>0.33,Utilities,Utilities - Renewable,0.3749433070700039,4.283893176293967,0.3408025740564684
BEPC,False,debt/assets>0.30|debt/mktcap>0.33,Utilities,Utilities - Renewable,0.31935915157832717,1.8695967105019262,0.05200325768230717
BEPH,True,data_sparse,,,0.0,0.0,0.0
BEPI,True,data_sparse,,,0.0,0.0,0.0
BEPJ,True,data_sparse,,,0.0,0.0,0.0
BERZ,True,data_sparse,,,0.0,0.0,0.0
BETE,True,data_sparse,,,0.0,0.0,0.0
BETH,True,data_sparse,,,0.0,0.0,0.0
BETR,False,industry_excluded,Financial Services,Mortgage Finance,0.0,0.0,0.0
BETZ,True,data_sparse,,,0.0,0.0,0.0
BFAP,True,data_sparse,,,0.0,0.0,0.0
BFC,False,industry_excluded,Financial Services,Banks - Regional,0.0,0.0,0.0
BFH,False,debt/mktcap>0.33|cashinv/mktcap>0.33,Financial Services,Credit Services,0.24835088025861693,2.013096270260467,1.3027583427068177
BFIN,False,industry_excluded,Financial Services,Banks - Regional,0.0,0.0,0.0
BFIX,True,data_sparse,,,0.0,0.0,0.0
BFJL,True,data_sparse,,,0.0,0.0,0.0
BFK,False,industry_excluded,Financial Services,Asset Management,0.0,0.0,0.0
BFLY,True,ok,Healthcare,Medical Devices,0.08917065627416218,0.04367105831054881,0.1697787694994075
BFOR,True,data_sparse,,,0.0,0.0,0.0
BFRE,True,data_sparse,,,0.0,0.0,0.0
BFRG,False,cashinv/mktcap>0.33,Healthcare,Health Information Services,,,0.47672829015900287
BFRI,False,debt/mktcap>0.33|cashinv/mktcap>0.33,Healthcare,Drug Manufacturers - Specialty & Generic,0.22270485498393738,0.5181344705636085,0.6216139879476043
BFRZ,True,data_sparse,,,0.0,0.0,0.0
BFS,False,industry_excluded,Real Estate,REIT - Retail,0.0,0.0,0.0
BFST,False,industry_excluded,Financial Services,Banks - Regional,0.0,0.0,0.0
BFZ,False,industry_excluded,Financial Services,Asset Management,0.0,0.0,0.0
BG,False,debt/mktcap>0.33,Consumer Defensive,Farm Products,0.2859150969918471,0.3799497980014334,0.17671214793970305
BGB,False,industry_excluded,Financial Services,Asset Management,0.0,0.0,0.0
BGC,False,industry_excluded,Financial Services,Capital Markets,0.0,0.0,0.0
BGDV,True,data_sparse,,,0.0,0.0,0.0
BGFV,False,debt/assets>0.30|debt/mktcap>0.33,Consumer Cyclical,Specialty Retail,0.4909003784261019,9.063896255073361,0.16416566905571167
BGH,False,industry_excluded,Financial Services,Asset Management,0.0,0.0,0.0
BGIG,True,data_sparse,,,0.0,0.0,0.0
BGL,False,debt/assets>0.30,Basic Materials,Gold,4.984688835708588,0.0023152127515904774,0.0
BGLC,False,cashinv/mktcap>0.33,Basic Materials,Specialty Chemicals,0.020180186638716607,0.02587145130414491,0.5378609567383138
BGM,True,ok,Healthcare,Drug Manufacturers - Specialty & Generic,0.0,0.0,0.005330474429628474
BGMS,False,cashinv/mktcap>0.33,Healthcare,Biotechnology,0.0,0.0,0.7967774938960737
BGMSP,True,data_sparse,Healthcare,Biotechnology,0.0,0.0,0.0
BGR,False,industry_excluded,Financial Services,Asset Management,0.0,0.0,0.0
BGRN,True,data_sparse,,,0.0,0.0,0.0
BGRO,True,data_sparse,,,0.0,0.0,0.0
BGS,False,debt/assets>0.30|debt/mktcap>0.33,Consumer Defensive,Packaged Foods,0.6936532832429096,5.682248043453921,0.1383958240196519
BGSF,False,debt/assets>0.30|debt/mktcap>0.33,Industrials,Staffing & Employment Services,0.34417197940190924,1.1532362467640114,0.007879614337017962
BGT,False,industry_excluded,Financial Services,Asset Management,0.0,0.0,0.0
BGX,False,industry_excluded,Financial Services,Asset Management,0.0,0.0,0.0
BGY,False,industry_excluded,Financial Services,Asset Management,0.0,0.0,0.0
BH,True,ok,Consumer Cyclical,Restaurants,0.17340062092080546,0.15251619850070072,0.03118504767197125
BHAT,False,industry_excluded,Communication Services,Electronic Gaming & Multimedia,0.0,0.0,0.0
BHC,False,debt/assets>0.30|debt/mktcap>0.33|cashinv/mktcap>0.33,Healthcare,Drug Manufacturers - Specialty & Generic,0.8149907627342307,8.43056731440805,0.4606078829716833
BHE,True,ok,Technology,Electronic Components,0.17116015974094445,0.2367591092454151,0.20376007820211597
BHK,False,industry_excluded,Financial Services,Asset Management,0.0,0.0,0.0
BHP,True,ok,Basic Materials,Other Industrial Metals & Mining,0.22516775438919018,0.1703295346079473,0.08183410731551811
BHR,False,industry_excluded,Real Estate,REIT - Hotel & Motel,0.0,0.0,0.0
BHRB,False,industry_excluded,Financial Services,Banks - Regional,0.0,0.0,0.0
BHST,False,debt/assets>0.30,Consumer Defensive,Packaged Foods,0.5526978920843166,0.08446900895953,0.014609996483809284
BHV,False,industry_excluded,Financial Services,Asset Management,0.0,0.0,0.0
BHVN,True,ok,Healthcare,Biotechnology,0.05947583103427534,0.03321848621008747,0.0900142524587473
BIAF,True,ok,Healthcare,Diagnostics & Research,0.23046833680628745,0.2221320904823582,0.1635502143102998
BIB,True,data_sparse,,,0.0,0.0,0.0
BIBL,True,data_sparse,,,0.0,0.0,0.0
BIDD,True,data_sparse,,,0.0,0.0,0.0
BIDU,False,debt/mktcap>0.33|cashinv/mktcap>0.33,Communication Services,Internet Content & Information,0.1854317639908364,1.776182787110882,0.5560255530424263
BIGY,True,data_sparse,,,0.0,0.0,0.0
